name,price,link
Nuevo Anillo Coreano De Circonitas Con Micro Incrustaciones De Cristal Nhms319862,28.95,https://www.nihaojewelry.com/es/nuevo-anillo-coreano-de-circonitas-con-micro-incrustaciones-de-cristal-nhms319862.html
Anillo Abierto De Dragón Del Zodiaco De Aleación Retro Al Por Mayor Nhcu326247,182.90,https://www.nihaojewelry.com/es/anillo-abierto-de-drag-n-del-zodiaco-de-aleaci-n-retro-al-por-mayor-nhcu326247.html
Anillo De Diamante Ajustable Con Apertura De Letra Inglesa Al Por Mayor Nhcu326243,154.76,https://www.nihaojewelry.com/es/anillo-de-diamante-ajustable-con-apertura-de-letra-inglesa-al-por-mayor-nhcu326243.html
Lindo Hipopótamo Retro Apertura Anillo Ajustable Al Por Mayor Nhcu326231,131.31,https://www.nihaojewelry.com/es/lindo-hipop-tamo-retro-apertura-anillo-ajustable-al-por-mayor-nhcu326231.html
Conjunto De Anillos De Aleación Simple Retro De Moda Nhmd326366,24.47,https://www.nihaojewelry.com/es/conjunto-de-anillos-de-aleaci-n-simple-retro-de-moda-nhmd326366.html
Anillo Ajustable En Forma De Serpiente Hip-hop De Moda Nhjj326304,10.40,https://www.nihaojewelry.com/es/anillo-ajustable-en-forma-de-serpiente-hip-hop-de-moda-nhjj326304.html
Anillo De Hip-hop Retro Ajustable Con Forma De Serpiente Nhjj326290,10.81,https://www.nihaojewelry.com/es/anillo-de-hip-hop-retro-ajustable-con-forma-de-serpiente-nhjj326290.html
Anillo Colorido De Resina Acrílica De Moda Nhjq326319,14.68,https://www.nihaojewelry.com/es/anillo-colorido-de-resina-acr-lica-de-moda-nhjq326319.html
Anillo De Mariposa Hueca De Moda Coreana Nhdp326416,7.95,https://www.nihaojewelry.com/es/anillo-de-mariposa-hueca-de-moda-coreana-nhdp326416.html
Anillo De Mariposa De Circonita Multicolor De Moda Nhbw325922,15.09,https://www.nihaojewelry.com/es/anillo-de-mariposa-de-circonita-multicolor-de-moda-nhbw325922.html
Conjunto De Anillos De Pareja De Moda Simple Coreana Nhps325588,19.37,https://www.nihaojewelry.com/es/conjunto-de-anillos-de-pareja-de-moda-simple-coreana-nhps325588.html
Conjunto De Anillos De Pareja Creativa De Amor De Moda Simple Coreana Nhps325587,19.37,https://www.nihaojewelry.com/es/conjunto-de-anillos-de-pareja-creativa-de-amor-de-moda-simple-coreana-nhps325587.html
Juego De Anillos De Pareja Popular Salvaje Favorito De Francés Europeo Y Americano Nhps325586,19.37,https://www.nihaojewelry.com/es/juego-de-anillos-de-pareja-popular-salvaje-favorito-de-franc-s-europeo-y-americano-nhps325586.html
Conjunto De Anillos De Cobre Con Letras De Moda Nhps325585,19.37,https://www.nihaojewelry.com/es/conjunto-de-anillos-de-cobre-con-letras-de-moda-nhps325585.html
Conjunto De Anillo Simple Con Patrón Salvaje Coreano Nhps325584,19.37,https://www.nihaojewelry.com/es/conjunto-de-anillo-simple-con-patr-n-salvaje-coreano-nhps325584.html
Conjunto De Anillo Popular Simple De Moda Nhps325542,14.88,https://www.nihaojewelry.com/es/conjunto-de-anillo-popular-simple-de-moda-nhps325542.html
Conjunto De Anillos De Estrella Creativa De Moda Nhps325541,14.88,https://www.nihaojewelry.com/es/conjunto-de-anillos-de-estrella-creativa-de-moda-nhps325541.html
Conjunto De Anillos Exagerados Creativos De Moda Coreana. Nhps325540,14.88,https://www.nihaojewelry.com/es/conjunto-de-anillos-exagerados-creativos-de-moda-coreana.-nhps325540.html
Conjunto De Anillos Creativos De Mariposa Salvaje Exagerada De Moda Nhps325539,14.88,https://www.nihaojewelry.com/es/conjunto-de-anillos-creativos-de-mariposa-salvaje-exagerada-de-moda-nhps325539.html
Conjunto De Anillos Geométricos Simples Creativos Nhps325538,14.88,https://www.nihaojewelry.com/es/conjunto-de-anillos-geom-tricos-simples-creativos-nhps325538.html
Conjunto De Anillos Creativos Salvajes Exagerados De Moda Coreana. Nhps325537,14.88,https://www.nihaojewelry.com/es/conjunto-de-anillos-creativos-salvajes-exagerados-de-moda-coreana.-nhps325537.html
Conjunto De Anillos Salvajes De Moda Simple Coreana Nhps325536,14.88,https://www.nihaojewelry.com/es/conjunto-de-anillos-salvajes-de-moda-simple-coreana-nhps325536.html
Conjunto De Anillos De Moda Creativa Salvaje Exagerada De Moda Coreana Nhps325535,15.29,https://www.nihaojewelry.com/es/conjunto-de-anillos-de-moda-creativa-salvaje-exagerada-de-moda-coreana-nhps325535.html
Nuevo Anillo Cuadrado Retro De Resina Geométrica Nhgy326133,17.33,https://www.nihaojewelry.com/es/nuevo-anillo-cuadrado-retro-de-resina-geom-trica-nhgy326133.html
Nuevo Anillo De Perlas De Imitación Redondo Exagerado Nhgy325659,10.81,https://www.nihaojewelry.com/es/nuevo-anillo-de-perlas-de-imitaci-n-redondo-exagerado-nhgy325659.html
Nuevo Anillo Retro Con Patrón Exagerado Nhgy325653,12.03,https://www.nihaojewelry.com/es/nuevo-anillo-retro-con-patr-n-exagerado-nhgy325653.html
Anillo Cuadrado De Diamantes Simple Nhot324746,11.62,https://www.nihaojewelry.com/es/anillo-cuadrado-de-diamantes-simple-nhot324746.html
Nuevo Conjunto Simple De Anillos Giratorios Nhyi324870,19.57,https://www.nihaojewelry.com/es/nuevo-conjunto-simple-de-anillos-giratorios-nhyi324870.html
Conjunto De Anillos De Resina Retro De Moda Simple Nhmd325115,32.62,https://www.nihaojewelry.com/es/conjunto-de-anillos-de-resina-retro-de-moda-simple-nhmd325115.html
Conjunto De Anillos Geométricos De Aleación De Moda Nhmd325085,28.95,https://www.nihaojewelry.com/es/conjunto-de-anillos-geom-tricos-de-aleaci-n-de-moda-nhmd325085.html
Conjunto De Anillo De Diamantes De Perlas De Imitación De Moda Nhmd325080,32.62,https://www.nihaojewelry.com/es/conjunto-de-anillo-de-diamantes-de-perlas-de-imitaci-n-de-moda-nhmd325080.html
Conjunto De Anillos Geométricos Exagerados De Moda Retro Nhmd325078,32.62,https://www.nihaojewelry.com/es/conjunto-de-anillos-geom-tricos-exagerados-de-moda-retro-nhmd325078.html
Anillo Retro Con Forma De Serpiente Retorcida Nhgo324903,8.36,https://www.nihaojewelry.com/es/anillo-retro-con-forma-de-serpiente-retorcida-nhgo324903.html
Anillo Retro Punk Con Forma De Serpiente Nhgo324902,8.36,https://www.nihaojewelry.com/es/anillo-retro-punk-con-forma-de-serpiente-nhgo324902.html
Anillo Abierto De Rayas Retro Con Plumas Cruzadas Nhgo324901,8.16,https://www.nihaojewelry.com/es/anillo-abierto-de-rayas-retro-con-plumas-cruzadas-nhgo324901.html
Ángel Punk Diablo Alas Anillo Abierto Nhgo324900,8.16,https://www.nihaojewelry.com/es/-ngel-punk-diablo-alas-anillo-abierto-nhgo324900.html
Anillo Abierto De Ajuste De Garra De Águila Punk Retro Nhgo324899,11.21,https://www.nihaojewelry.com/es/anillo-abierto-de-ajuste-de-garra-de-guila-punk-retro-nhgo324899.html
Anillo Abierto De Aleación De Cabeza De Dragón De Cabra De Moda Nhgo324898,11.21,https://www.nihaojewelry.com/es/anillo-abierto-de-aleaci-n-de-cabeza-de-drag-n-de-cabra-de-moda-nhgo324898.html
Anillo Abierto De Moda Retro Tallado Sirena Rosa Nhgo324897,11.21,https://www.nihaojewelry.com/es/anillo-abierto-de-moda-retro-tallado-sirena-rosa-nhgo324897.html
Anillo Abierto De Smiley De Letra De Moda Coreana Nhgo324896,11.21,https://www.nihaojewelry.com/es/anillo-abierto-de-smiley-de-letra-de-moda-coreana-nhgo324896.html
Anillo Abierto De Metal Con Hoja De Plumas Retro Nhgo324895,11.21,https://www.nihaojewelry.com/es/anillo-abierto-de-metal-con-hoja-de-plumas-retro-nhgo324895.html
Anillo De Cruz Grande Negro Retro Nhgo324894,11.21,https://www.nihaojewelry.com/es/anillo-de-cruz-grande-negro-retro-nhgo324894.html
Anillo De Plata Antigua Tridimensional Punk Nhgo324892,11.21,https://www.nihaojewelry.com/es/anillo-de-plata-antigua-tridimensional-punk-nhgo324892.html
Anillo Retro Punk Con Hojas De Plumas Nhgo324890,11.21,https://www.nihaojewelry.com/es/anillo-retro-punk-con-hojas-de-plumas-nhgo324890.html
Anillo De Cola Abierta Con Cruz Negra Retro Nhgo324889,8.16,https://www.nihaojewelry.com/es/anillo-de-cola-abierta-con-cruz-negra-retro-nhgo324889.html
Anillo Abierto Con Forma De Serpiente Retro Nhgo324888,8.16,https://www.nihaojewelry.com/es/anillo-abierto-con-forma-de-serpiente-retro-nhgo324888.html
Anillo Ajustable De Apertura De Alas Retro Coreanas Nhgo324887,8.16,https://www.nihaojewelry.com/es/anillo-ajustable-de-apertura-de-alas-retro-coreanas-nhgo324887.html
Anillo Abierto De Plata Antigua Animal Punk Nhgo324886,11.21,https://www.nihaojewelry.com/es/anillo-abierto-de-plata-antigua-animal-punk-nhgo324886.html
Anillo Abierto De Conejo De Aleación Retro Nhgo324885,11.21,https://www.nihaojewelry.com/es/anillo-abierto-de-conejo-de-aleaci-n-retro-nhgo324885.html
Anillo De Acrílico En Forma De Gota De Moda Coreana Nhai325056,18.15,https://www.nihaojewelry.com/es/anillo-de-acr-lico-en-forma-de-gota-de-moda-coreana-nhai325056.html
Anillo Transparente Acrílico De Moda Retro Nhai325055,16.52,https://www.nihaojewelry.com/es/anillo-transparente-acr-lico-de-moda-retro-nhai325055.html
Anillo De Resina Geométrica Simple Coreana Nhai325054,48.53,https://www.nihaojewelry.com/es/anillo-de-resina-geom-trica-simple-coreana-nhai325054.html
Conjunto De Anillos Acrílicos Geométricos De Moda Nhai325053,48.53,https://www.nihaojewelry.com/es/conjunto-de-anillos-acr-licos-geom-tricos-de-moda-nhai325053.html
Anillo De Acrílico De Color De Contraste Retro Coreano Nhai325052,48.53,https://www.nihaojewelry.com/es/anillo-de-acr-lico-de-color-de-contraste-retro-coreano-nhai325052.html
Conjunto De Anillos De Resina Acrílica De Moda Coreana Nhai325050,32.01,https://www.nihaojewelry.com/es/conjunto-de-anillos-de-resina-acr-lica-de-moda-coreana-nhai325050.html
Anillo De Acrílico En Forma De Gota Simple Coreano Nhai325047,32.01,https://www.nihaojewelry.com/es/anillo-de-acr-lico-en-forma-de-gota-simple-coreano-nhai325047.html
Anillo De Resina Acrílica De Moda Nhai325048,23.24,https://www.nihaojewelry.com/es/anillo-de-resina-acr-lica-de-moda-nhai325048.html
Anillo De Resina Coreano De Moda Al Por Mayor Nhje324975,13.25,https://www.nihaojewelry.com/es/anillo-de-resina-coreano-de-moda-al-por-mayor-nhje324975.html
Anillo Geométrico De Aceite De Pintura Simple De Corea Nhrn324788,19.17,https://www.nihaojewelry.com/es/anillo-geom-trico-de-aceite-de-pintura-simple-de-corea-nhrn324788.html
Anillo Abierto Coreano En Forma De Corazón De Colores Nhrn324508,10.81,https://www.nihaojewelry.com/es/anillo-abierto-coreano-en-forma-de-coraz-n-de-colores-nhrn324508.html
